filename,category
session - 2026-08-16.txt,NotStudy
report_financial_2024-06-15.xlsx,NotStudy
Отчет6_v5.pptx,Study
prototype - 2026-02-10.docx,NotStudy
Задание_Johnson.pptx,Study
ЛР5 Brown .pdf,Study
receipt_2021.pptx,NotStudy
10ПЗ1.pdf,Study
receipt_2025.pdf,NotStudy
keygen 12.txt,NotStudy
4Задание.pdf,Study
Реферат_6_Smith.docx,Study
sketch_2021.xlsx,NotStudy
ПЗ1 Smith-3.txt,Study
screenshot_2024-09-15.xlsx,NotStudy
КП-МК №7.docx,Study
ЛР4 6.pdf,Study
Лаб №8.docx,Study
Лекция4_v5.docx,Study
export_2025.pdf,NotStudy
Курсовая Климович-7.pdf,Study
Аналитика по предприятиям_2019-12-08.txt,NotStudy
log_2025-03-14.xlsx,NotStudy
Задание Петров 2025-09-05.xlsx,Study
ЛР8 Smith-3.xlsx,Study
sales_2022.pptx,NotStudy
update_2020-01-03.txt,NotStudy
video_2026.pptx,NotStudy
10Титульный лист.pdf,Study
Лаба 1 3.docx,Study
7Титульный лист.pdf,Study
torrent_2019-04-25.xlsx,NotStudy
config(33).xlsx,NotStudy
audio_2025-08-08.xlsx,NotStudy
Практикум2.docx,Study
data_2023-03-09.xlsx,NotStudy
accounting_40_2018-09-09.xlsx,NotStudy
Вопросы на экзамен(9).docx,Study
config(10).txt,NotStudy
Практика №4.pdf,Study
3ЛР.xlsx,Study
Приложение - 2024-10-15.docx,NotStudy
Работа8.pptx,Study
seminar_2_Петров.pdf,Study
essay(7).docx,Study
Основные средства(5).pdf,NotStudy
Лаб15.docx,Study
config_2021-02-19.pdf,NotStudy
backup - 2026-02-10.docx,NotStudy
Авторский договор - 2026-08-10.pptx,NotStudy
Домашняя_3_Климович.pptx,Study
ЛР86.docx,Study
report_financial_81_2019-07-20.pptx,NotStudy
4ЛР.xlsx,Study
Исходные_данные_для_лабораторной_10_Петров.pdf,Study
Лаб2 1.docx,Study
cache 20.pptx,NotStudy
ПЗ1 №5.xlsx,Study
audio 18.xlsx,NotStudy
Лаб1.txt,Study
budget_85_2018-12-02.docx,NotStudy
Работа Сидоров 2020-08-17.pdf,Study
Trendy-potrebleniya(3).pptx,NotStudy
Экзамен2.pdf,Study
report_financial_2023.pdf,NotStudy
ЛР3 Сидоров 2023-05-20.pdf,Study
Самостоятельная Климович-10.docx,Study
misc47.pptx,NotStudy
payment_2020.pdf,NotStudy
mockup - 2023-10-08.pdf,NotStudy
lecture 2.xlsx,Study
Практикум_Иванов.docx,Study
ЛР10_5_Петров.docx,Study
misc_2023.txt,NotStudy
Лаба 14_v3.xlsx,Study
Тема 20 3.txt,Study
Работа 10.xlsx,Study
report_financial_2021.docx,NotStudy
bill_50_2018-09-28.xlsx,NotStudy
settings_2021-10-09.pptx,NotStudy
СТБ 1180(16).txt,NotStudy
image_2020.docx,NotStudy
coursework Климович .xlsx,Study
39_ЛР_МК_Мухин.pptx,Study
9_ЛР_МК_Мухин Иванов-10.docx,Study
Курсовая5.xlsx,Study
song(75).docx,NotStudy
Контрольная5_v3.docx,Study
Реферат_Климович 3.txt,Study
crack(44).txt,NotStudy
sketch_2020-04-06.txt,NotStudy
МР по выполнению 10.pdf,Study
lab(10).pdf,Study
ПРАКТИЧЕСКОЕ ЗАДАНИЕ(6).txt,Study
Патентные исследования_2023.pptx,NotStudy
audio - 2024-05-16.txt,NotStudy
backup_2024.pdf,NotStudy
wallpaper_2024.pdf,NotStudy
Лаба 1 Сидоров .xlsx,Study
3Отчёт лабораторная.xlsx,Study
cache 41.pptx,NotStudy
Практическая_Иванов.txt,Study
Практикум Smith-2.pdf,Study
2Реферат_Климович.docx,Study
ЛР2_Сидоров.docx,Study
Семинар Johnson-5.pdf,Study
Реферат_Johnson.pptx,Study
Экзамен(8).xlsx,Study
КП-МК_Петров.docx,Study
wallpaper_89_2020-12-16.xlsx,NotStudy
Отчёт лабораторная10.pdf,Study
scan 43.docx,NotStudy
sklad - 2019-04-21.docx,NotStudy
update_2026.pptx,NotStudy
Отчет10_v4.pdf,Study
file_2024.pptx,NotStudy
sketch_2020-08-25.pptx,NotStudy
Лекция №9.pdf,Study
installer(37).docx,NotStudy
Тема 20 4.pdf,Study
misc(67).pdf,NotStudy
Trendy-potrebleniya_100_2018-05-19.txt,NotStudy
reversOC(100).pptx,NotStudy
music(3).txt,NotStudy
wallpaper_28_2018-05-15.xlsx,NotStudy
license 86.txt,NotStudy
Trendy-potrebleniya 2.pptx,NotStudy
Основные средства 79.xlsx,NotStudy
Lab№0 Johnson-6.pdf,Study
Тема 10 Brown 2023-06-19.pdf,Study
9seminar.pdf,Study
clip_2021.pptx,NotStudy
sales_13_2022-04-17.pptx,NotStudy
ЛР4 №4.docx,Study
misc 46.xlsx,NotStudy
invoice_2025-06-23.txt,NotStudy
Контрольная 5.xlsx,Study
accounting_2023-08-09.pptx,NotStudy
image64.pdf,NotStudy
wallpaper(67).docx,NotStudy
Лабораторная №7.xlsx,Study
img_2019-04-19.docx,NotStudy
КП-МК_Иванов.xlsx,Study
finance_2024-01-23.pdf,NotStudy
essay_5_Петров.xlsx,Study
ЛР7_10_Климович.txt,Study
Патентные исследования_58_2020-12-06.txt,NotStudy
image 61.xlsx,NotStudy
sketch 96.txt,NotStudy
Титульный лист5_v3.docx,Study
Тема 1(5).pdf,Study
essay 3.xlsx,Study
Урок Smith-7.pdf,Study
Титульный лист №4.xlsx,Study
update_24_2021-01-18.xlsx,NotStudy
seminar Smith-1.docx,Study
log - 2024-04-25.txt,NotStudy
draft_2018-05-26.txt,NotStudy
report_financial - 2020-05-05.xlsx,NotStudy
ЛР16.xlsx,Study
Лаб27_v4.docx,Study
ПЗ №5 ОУИС_6_Иванов.xlsx,Study
project_20_2022-12-02.xlsx,NotStudy
receipt_2025.xlsx,NotStudy
ПЗ32.docx,Study
Семинар Сидоров 2021-08-23.txt,Study
лаба 88.pdf,Study
Beautiful(3).xlsx,NotStudy
КП-МК_5_Петров.xlsx,Study
cookie_2019-09-25.docx,NotStudy
МР по выполнению9.pdf,Study
receipt - 2019-08-20.pptx,NotStudy
temp(63).docx,NotStudy
song(5).txt,NotStudy
download25.docx,NotStudy
project 50.txt,NotStudy
test Brown .txt,Study
cache(85).pdf,NotStudy
log_2020-07-25.pptx,NotStudy
Самостоятельная_Климович.pdf,Study
lab2.docx,Study
music 6.xlsx,NotStudy
Тема 10 №2.txt,Study
sklad - 2022-08-15.txt,NotStudy
ЛР9_7_Brown.txt,Study
9_ЛР_МК_Мухин_4_Климович.docx,Study
invoice49.pptx,NotStudy
sample(90).txt,NotStudy
Семинар1_v5.docx,Study
Задание4_v4.xlsx,Study
Курсчач МК Smith-10.docx,Study
lecture №9.docx,Study
Реферат_Климович_Иванов.xlsx,Study
finance85.xlsx,NotStudy
essay_Brown.docx,Study
torrent 36.pdf,NotStudy
Практикум_Johnson.pdf,Study
Исходные_данные_для_лабораторной_Brown.docx,Study
6Урок.pdf,Study
torrent - 2018-10-04.xlsx,NotStudy
track - 2018-12-21.txt,NotStudy
Тема 1(4).pdf,Study
crack_2018-09-11.pptx,NotStudy
ПРАКТИЧЕСКОЕ ЗАДАНИЕ6.pdf,Study
music_84_2026-07-13.docx,NotStudy
img_2020-03-28.docx,NotStudy
8Практическая.docx,Study
clip_2026-04-19.docx,NotStudy
3lab.docx,Study
лаба 8_Brown.pptx,Study
ПРАКТИЧЕСКОЕ ЗАДАНИЕ Сидоров-4.docx,Study
invoice_2022.pptx,NotStudy
song89.pptx,NotStudy
statement40.docx,NotStudy
rutracker 66.xlsx,NotStudy
coursework_Иванов.pptx,Study
keygen 84.pdf,NotStudy
ЛР2 Johnson 2019-08-27.docx,Study
Реферат(3).pptx,Study
project_2023-06-18.txt,NotStudy
movie 60.xlsx,NotStudy
song14.pptx,NotStudy
Основные средства_12_2024-10-05.pdf,NotStudy
Государственное_регулирование23.pptx,NotStudy
02ЛР Климович4.pptx,Study
bill_2026.pdf,NotStudy
ЛР10_Петров.docx,Study
test Сидоров-4.pptx,Study
ЛР9 9.docx,Study
sklad(19).docx,NotStudy
ЛР26.pdf,Study
9_ЛР_МК_Мухин10_v2.pptx,Study
rutracker5.docx,NotStudy
4Тема 20.xlsx,Study
song(23).docx,NotStudy
Реферат_Климович(6).xlsx,Study
ЛР4_Сидоров.pdf,Study
database_45_2025-04-01.xlsx,NotStudy
payment_2_2026-11-22.docx,NotStudy
music(54).pptx,NotStudy
Курсовая Петров-8.docx,Study
СТБ 1180(100).txt,NotStudy
Лаб1 Петров .pdf,Study
Экзамен №2.txt,Study
9ЛР10.docx,Study
Trendy-potrebleniya(9).pdf,NotStudy
movie - 2025-09-22.xlsx,NotStudy
10Курсовая.xlsx,Study
lab 1.pptx,Study
Отчет9_v1.xlsx,Study
design(27).txt,NotStudy
19_ЛР_МК_Мухин.xlsx,Study
video(64).xlsx,NotStudy
finance37.pdf,NotStudy
project_45_2019-09-17.docx,NotStudy
МР по выполнению №10.xlsx,Study
clip 89.xlsx,NotStudy
лаба 8 №9.txt,Study
seminar №5.pptx,Study
crack87.txt,NotStudy
Приложение48.pdf,NotStudy
Beautiful_2021-05-10.pptx,NotStudy
ЛР9.docx,Study
Лаба 1 Иванов-2.xlsx,Study
9_ЛР_МК_Мухин_4_Петров.docx,Study
ЛР_Иванов.docx,Study
lecture_2_Иванов.txt,Study
hr_ 88.txt,NotStudy
9ПЗ1.pdf,Study
Реферат_Климович Smith 2022-02-11.pdf,Study
hr__2019-03-12.docx,NotStudy
sales(92).pdf,NotStudy
assignment Петров 2021-06-05.docx,Study
9_ЛР_МК_Мухин №1.txt,Study
installer 44.xlsx,NotStudy
Практическая 3.pdf,Study
ЛР7 Сидоров-2.pdf,Study
ЛР37.txt,Study
ЛР6 №5.docx,Study
02ЛР Климович(9).xlsx,Study
ЛР10_Петров.txt,Study
ЛР4_Климович.pdf,Study
Практика_Smith.pdf,Study
crack_2019-05-21.xlsx,NotStudy
Исходные_данные_для_лабораторной_Иванов.xlsx,Study
video_79_2024-03-15.xlsx,NotStudy
Самостоятельная_9_Johnson.docx,Study
02ЛР Климович 10.txt,Study
Вопросы на экзамен_3_Smith.pdf,Study
Lab№06_v4.pdf,Study
Часть Сидоров 2019-04-14.pdf,Study
Практика8_v5.pdf,Study
1Контрольная.docx,Study
payment_2023-07-20.pdf,NotStudy
cache(100).txt,NotStudy
Задание4_v3.pdf,Study
Работа Иванов-9.docx,Study
session(56).docx,NotStudy
1essay.txt,Study
sales_5_2018-07-24.xlsx,NotStudy
Часть4.xlsx,Study
audio - 2018-02-13.xlsx,NotStudy
Контрольная №7.docx,Study
coursework 10.xlsx,Study
Trendy-potrebleniya(47).xlsx,NotStudy
Отчет_Сидоров.pdf,Study
Отчет Петров .pdf,Study
sklad(17).pdf,NotStudy
movie2.pptx,NotStudy
6Лаб1.pdf,Study
seminar №4.docx,Study
ЛР4 6.pdf,Study
Основные средства_2021.xlsx,NotStudy
КП-МК9.pdf,Study
Лаб_Smith.docx,Study
database_25_2026-06-26.pptx,NotStudy
ПЗ1(5).pptx,Study
ЛР4 Smith-8.docx,Study
Авторский договор41.pptx,NotStudy
hr__2021.pptx,NotStudy
3Лаб.txt,Study
lab 6.pptx,Study
ЛР10_Петров.xlsx,Study
archive(93).docx,NotStudy
Тема 1(2).docx,Study
sample - 2018-12-05.pdf,NotStudy
ЛР2 №1.txt,Study
Тема 20(10).pptx,Study
ЛР5 №2.pptx,Study
sales_2024-03-18.docx,NotStudy
Часть(10).xlsx,Study
ЛР54_v3.xlsx,Study
КП-МК №4.pptx,Study
Домашняя6_v4.pdf,Study
Отчет Brown .docx,Study
Лаб17_v5.txt,Study
statement95.xlsx,NotStudy
sketch_37_2026-02-27.pptx,NotStudy
МР по выполнению_5_Климович.pdf,Study
db_2024.pdf,NotStudy
ЛР3 3.pptx,Study
ЛР №6.txt,Study
ЛР4(7).txt,Study
Задание3.pdf,Study
Trendy-potrebleniya 9.docx,NotStudy
4ПЗ3.docx,Study
Лаб2_Johnson.pptx,Study
invoice(31).txt,NotStudy
settings - 2023-12-21.pptx,NotStudy
statement_51_2018-05-22.pptx,NotStudy
1Практическая.pptx,Study
Практика Климович 2023-09-03.xlsx,Study
Лаб2(4).docx,Study
picture(85).docx,NotStudy
Практическая_Петров.pdf,Study
Лаб Smith-5.pptx,Study
track 78.docx,NotStudy
Титульный лист_Brown.docx,Study
лаба 8 Климович-3.docx,Study
ПЗ1(4).docx,Study
budget_2018-03-26.pdf,NotStudy
Лаб5 Иванов 2019-07-01.xlsx,Study
rutracker37.pptx,NotStudy
Практическая №8.pdf,Study
Патентные исследования_2020.docx,NotStudy
Вопросы на экзамен_Сидоров.docx,Study
ЛР4 Климович-1.xlsx,Study
log_2025-10-09.pdf,NotStudy
Авторский договор52.pptx,NotStudy
keygen 19.docx,NotStudy
receipt(57).pdf,NotStudy
1Отчет.pptx,Study
exam_Сидоров.docx,Study
draft_2019-11-15.pptx,NotStudy
Экзамен(4).docx,Study
essay Smith .txt,Study
Экзамен 3.pdf,Study
essay_9_Smith.xlsx,Study
assignment Johnson 2023-01-25.pptx,Study
Исходные_данные_для_лабораторной 3.pptx,Study
Отчёт лабораторная_Иванов.pdf,Study
clip_2023-05-07.pdf,NotStudy
employees_42_2022-05-27.docx,NotStudy
cache73.pptx,NotStudy
Задание Климович-6.xlsx,Study
report_financial95.pptx,NotStudy
img67.docx,NotStudy
lab7.xlsx,Study
Лекция Климович 2019-06-10.xlsx,Study
Лабораторная Климович 2025-11-02.xlsx,Study
seminar Климович-6.xlsx,Study
Тест Johnson 2020-12-23.docx,Study
draft - 2019-02-17.docx,NotStudy
img35.pdf,NotStudy
Урок Brown 2025-11-19.docx,Study
02ЛР Климович №4.docx,Study
practice Иванов-4.xlsx,Study
employees_2025-08-28.txt,NotStudy
crack_51_2019-06-23.xlsx,NotStudy
Авторский договор_2025.pdf,NotStudy
Trendy-potrebleniya_2026.xlsx,NotStudy
Отчет7_v1.txt,Study
clip 10.docx,NotStudy
practice_4_Иванов.docx,Study
sketch75.pdf,NotStudy
lecture4_v4.xlsx,Study
КП-МК_Johnson.xlsx,Study
ПРАКТИЧЕСКОЕ ЗАДАНИЕ Smith-1.pptx,Study
report_sales_2019-03-07.xlsx,NotStudy
Lab№0 №6.txt,Study
Семинар_Smith.pdf,Study
Часть Brown-2.docx,Study
ЛР3 10.xlsx,Study
Авторский договор20.txt,NotStudy
ПРАКТИЧЕСКОЕ ЗАДАНИЕ_Иванов.pptx,Study
Часть №5.pptx,Study
practice_Сидоров.pptx,Study
ЛР1 №8.xlsx,Study
Часть 2.txt,Study
video_2018-02-08.docx,NotStudy
img93.pptx,NotStudy
ЛР1 №2.txt,Study
audio - 2026-04-14.xlsx,NotStudy
screenshot 11.pptx,NotStudy
ЛР10 №3.txt,Study
sklad52.pdf,NotStudy
sketch_2022-02-15.xlsx,NotStudy
keygen11.pptx,NotStudy
sales(38).pdf,NotStudy
Практика 6.docx,Study
Vpsk 66.pdf,NotStudy
ЛР4 Климович .pptx,Study
rutracker_2020-08-09.docx,NotStudy
Лаб 7.xlsx,Study
patch(44).txt,NotStudy
Курсчач МК2.pptx,Study
Часть №4.txt,Study
Титульный лист Иванов 2018-11-17.xlsx,Study
project_2019-05-06.docx,NotStudy
temp_56_2018-02-04.docx,NotStudy
reversOC_2021.pdf,NotStudy
Trendy-potrebleniya(66).pptx,NotStudy
Тема 1 9.xlsx,Study
02ЛР Климович_2_Иванов.txt,Study
draft_2021.pptx,NotStudy
Лаб4_10_Иванов.pptx,Study
ЛР7 №10.pdf,Study
Работа2_v4.pdf,Study
dump10.docx,NotStudy
Семинар10_v1.pptx,Study
Практическая 1.docx,Study
download - 2020-07-25.docx,NotStudy
КП-МК 4.pptx,Study
ЛР7 №10.xlsx,Study
test_8_Иванов.docx,Study
ЛР Johnson-6.xlsx,Study
Контрольная(4).docx,Study
Контрольная_Климович.pdf,Study
database20.txt,NotStudy
test5_v4.xlsx,Study
8Контрольная.txt,Study
song 1.pptx,NotStudy
Лаб8_v1.docx,Study
sample - 2025-11-08.txt,NotStudy
dump_2021.docx,NotStudy
Лаб_3_Johnson.pdf,Study
Реферат_Климович Петров .docx,Study
Авторский договор(88).txt,NotStudy
ПЗ1 Johnson 2021-11-17.txt,Study
clip_3_2021-08-17.txt,NotStudy
temp59.txt,NotStudy
Лаб1 Сидоров .pdf,Study
sklad_2020.pdf,NotStudy
Курсчач МК7_v4.pdf,Study
sample_2023.txt,NotStudy
ЛР107_v1.pptx,Study
Лаб 10.pdf,Study
invoice78.pptx,NotStudy
settings(64).xlsx,NotStudy
02ЛР Климович_1_Климович.docx,Study
music(80).txt,NotStudy
6Лаб2.docx,Study
Курсчач МК 1.txt,Study
Основные средства34.txt,NotStudy
photo - 2021-03-22.txt,NotStudy
employees_2025.xlsx,NotStudy
9Вопросы на экзамен.xlsx,Study
config27.pdf,NotStudy
Реферат_6_Brown.pptx,Study
Отчёт лабораторная №5.pptx,Study
Патентные исследования_27_2026-11-08.xlsx,NotStudy
settings_94_2024-07-01.pptx,NotStudy
ЛР7 Johnson-9.pdf,Study
ЛР3 4.xlsx,Study
Практическая_Smith.docx,Study
Исходные_данные_для_лабораторной6.docx,Study
log(50).txt,NotStudy
ЛР5 1.docx,Study
seminar9_v2.pptx,Study
Титульный лист(4).xlsx,Study
ПЗ1 Климович-6.xlsx,Study
Домашняя Иванов 2019-02-27.xlsx,Study
img - 2024-10-19.txt,NotStudy
7Лаб.docx,Study
assignment3_v4.txt,Study
employees 55.xlsx,NotStudy
prototype_70_2018-08-03.docx,NotStudy
ЛР710_v4.pdf,Study
config43.pptx,NotStudy
Контрольная3.xlsx,Study
accounting - 2026-07-26.docx,NotStudy
practice_1_Johnson.xlsx,Study
project - 2026-12-04.pptx,NotStudy
settings_2024.pdf,NotStudy
Тема 10_Иванов.pdf,Study
ПЗ3(4).xlsx,Study
statement(56).txt,NotStudy
payment - 2024-01-08.docx,NotStudy
лаба 8_Климович.docx,Study
test9_v2.pdf,Study
export_2021.pptx,NotStudy
ПЗ3_2_Johnson.pptx,Study
archive_61_2023-10-18.pptx,NotStudy
2assignment.docx,Study
sales_2021.docx,NotStudy
6Лаб2.txt,Study
cache_2024.pptx,NotStudy
essay №4.xlsx,Study
finance(30).txt,NotStudy
Урок5.xlsx,Study
9Тест.pptx,Study
picture - 2020-06-27.txt,NotStudy
9_ЛР_МК_Мухин5.pdf,Study
Лекция Johnson-4.docx,Study
Основные средства69.xlsx,NotStudy
database_14_2024-06-28.docx,NotStudy
Исходные_данные_для_лабораторной_4_Иванов.xlsx,Study
8ЛР7.xlsx,Study
Vpsk_2026-12-11.txt,NotStudy
Лаб59.txt,Study
sample_2025-09-06.docx,NotStudy
Практика Brown-7.txt,Study
Лаб310.xlsx,Study
ЛР9 7.pdf,Study
scan_2023.pptx,NotStudy
МР по выполнению7_v4.docx,Study
Лаба 1(3).pdf,Study
Домашняя8.xlsx,Study
Аналитика по предприятиям100.docx,NotStudy
Отчёт лабораторная №7.txt,Study
mockup(20).txt,NotStudy
ЛР6 Сидоров .xlsx,Study
clip_2025.txt,NotStudy
reversOC - 2018-09-11.txt,NotStudy
4Lab№0.xlsx,Study
Реферат_Климович Johnson-6.docx,Study
8Отчет.txt,Study
Титульный лист_9_Сидоров.txt,Study
ЛР88.pptx,Study
assignment №10.xlsx,Study
Вопросы на экзамен(2).xlsx,Study
Реферат_Климович9.pptx,Study
ЛР47_v5.xlsx,Study
crack_76_2022-01-24.pptx,NotStudy
Тема 20 1.docx,Study
design 97.pdf,NotStudy
Патентные исследования_49_2023-10-19.docx,NotStudy
ЛР2 Иванов-9.xlsx,Study
misc - 2019-12-07.xlsx,NotStudy
practice №7.pptx,Study
Лаба 1 Сидоров-8.xlsx,Study
wallpaper 60.xlsx,NotStudy
sklad_53_2022-06-10.docx,NotStudy
9_ЛР_МК_Мухин_Smith.docx,Study
reversOC_2024-11-09.txt,NotStudy
7ЛР8.pdf,Study
ЛР9 Климович-5.xlsx,Study
sklad 11.docx,NotStudy
Контрольная Иванов 2025-08-13.pptx,Study
5Урок.xlsx,Study
Лабораторная №5.docx,Study
ЛР4 Петров-9.xlsx,Study
Основные средства 69.xlsx,NotStudy
Курсчач МК 10.txt,Study
sales 42.txt,NotStudy
Лаб1 2.pdf,Study
Тема 20_Климович.pptx,Study
Лаб_10_Johnson.txt,Study
scan_2019-01-13.pdf,NotStudy
ЛР9.docx,Study
clip(19).docx,NotStudy
Домашняя Сидоров-6.docx,Study
лаба 8 Климович-6.pdf,Study
ПРАКТИЧЕСКОЕ ЗАДАНИЕ Сидоров .pptx,Study
ПЗ №5 ОУИС Петров .docx,Study
Trendy-potrebleniya_2020-11-24.docx,NotStudy
cookie32.docx,NotStudy
keygen 64.txt,NotStudy
Лекция(3).docx,Study
Тема 19_v2.txt,Study
patch 23.xlsx,NotStudy
keygen - 2020-05-08.pdf,NotStudy
Отчет5_v2.pdf,Study
project_2023-10-13.txt,NotStudy
license_2022.pdf,NotStudy
assignment Климович .xlsx,Study
clip_2025-01-28.txt,NotStudy
image(3).pptx,NotStudy
ЛР8 4.pptx,Study
mockup 73.docx,NotStudy
4ЛР8.txt,Study
ПЗ13.xlsx,Study
ПЗ38_v2.xlsx,Study
Контрольная Johnson .xlsx,Study
Задание9_v2.txt,Study
Лаб35.pdf,Study
Vpsk47.pptx,NotStudy
Государственное_регулирование_30_2018-12-12.pptx,NotStudy
wallpaper_2023-11-25.pptx,NotStudy
ПЗ №5 ОУИС_Петров.pdf,Study
download(22).pdf,NotStudy
test7_v3.docx,Study
update_2020-08-20.txt,NotStudy
practice 10.docx,Study
coursework(3).pdf,Study
log14.docx,NotStudy
track - 2018-07-10.txt,NotStudy
lab1_v4.pptx,Study
ЛР5 №7.docx,Study
7ПЗ1.txt,Study
МР по выполнению Петров-3.txt,Study
Практика №2.pdf,Study
Тема 206.pdf,Study
bill - 2025-10-24.pptx,NotStudy
Государственное_регулирование 62.docx,NotStudy
6ЛР10.pdf,Study
Авторский договор87.xlsx,NotStudy
audio - 2025-08-22.xlsx,NotStudy
Практическая 8.pdf,Study
Лекция_2_Smith.docx,Study
6Исходные_данные_для_лабораторной.xlsx,Study
sample 20.pptx,NotStudy
temp_2022.pdf,NotStudy
Практикум Brown-4.docx,Study
report_financial_52_2021-02-22.pptx,NotStudy
Лаб5 Smith-3.xlsx,Study
8Задание.pdf,Study
Тема 20(2).xlsx,Study
Практическая_Климович.docx,Study
patch(88).docx,NotStudy
statement(45).pptx,NotStudy
Тема 10_Климович.pptx,Study
Тема 20_7_Иванов.xlsx,Study
Лаб №5.txt,Study
Исходные_данные_для_лабораторной(7).xlsx,Study
essay10.txt,Study
sales - 2021-07-05.docx,NotStudy
download(100).txt,NotStudy
ПЗ3 4.docx,Study
3Практика.pptx,Study
ПЗ3 5.docx,Study
ЛР7 Сидоров .pptx,Study
Практическая4.pdf,Study
Практика №1.pdf,Study
project_2022.pptx,NotStudy
cookie_2024-03-06.xlsx,NotStudy
3Тест.txt,Study
audio_52_2019-10-24.docx,NotStudy
Задание Иванов-8.xlsx,Study
music_2026-12-12.docx,NotStudy
database 80.pptx,NotStudy
Патентные исследования(95).pdf,NotStudy
ЛР7 Brown-10.txt,Study
setup_2020.txt,NotStudy
ЛР(9).docx,Study
session_2023-03-07.docx,NotStudy
license_2026.pdf,NotStudy
9Часть.pdf,Study
test4_v1.pptx,Study
backup(37).pdf,NotStudy
Лаб №7.xlsx,Study
picture - 2022-03-19.pptx,NotStudy
database(21).xlsx,NotStudy
Лабораторная7_v5.xlsx,Study
employees_2021.txt,NotStudy
movie_2020.pptx,NotStudy
assignment_Климович.pdf,Study
reversOC35.docx,NotStudy
Лаб3 8.xlsx,Study
СТБ 1180(18).pptx,NotStudy
2Реферат_Климович.docx,Study
Курсчач МК(5).pdf,Study
Работа6_v4.xlsx,Study
Тема 10 Johnson-7.docx,Study
ЛР88.docx,Study
ЛР21.txt,Study
test_4_Сидоров.pdf,Study
5Контрольная.xlsx,Study
Практика_5_Петров.docx,Study
Лаба 110_v2.docx,Study
lab4.pdf,Study
audio_2026.xlsx,NotStudy
9_ЛР_МК_Мухин №10.pptx,Study
Экзамен Brown-9.pptx,Study
Патентные исследования - 2020-04-24.xlsx,NotStudy
Основные средства(37).txt,NotStudy
Часть №6.pdf,Study
Домашняя Сидоров 2025-12-01.txt,Study
assignment6.pptx,Study
sklad 99.pptx,NotStudy
ЛР4_4_Сидоров.xlsx,Study
setup_1_2021-07-09.pdf,NotStudy
Лаб5_Brown.docx,Study
picture 68.xlsx,NotStudy
6ЛР3.docx,Study
Вопросы на экзамен Климович 2020-11-04.txt,Study
mockup(26).pdf,NotStudy
image - 2024-05-22.txt,NotStudy
temp - 2018-05-15.docx,NotStudy
Тема 1_Brown.docx,Study
ПРАКТИЧЕСКОЕ ЗАДАНИЕ(9).docx,Study
ЛР4 №2.pptx,Study
3Экзамен.xlsx,Study
setup - 2020-07-12.docx,NotStudy
КП-МК_1_Johnson.docx,Study
essay9_v3.docx,Study
лаба 8 10.pdf,Study
backup - 2018-03-24.xlsx,NotStudy
lab №5.xlsx,Study
prototype_36_2022-04-01.txt,NotStudy
ЛР5_7_Петров.xlsx,Study
database(83).pptx,NotStudy
Практическая_Иванов.xlsx,Study
invoice16.txt,NotStudy
audio - 2023-03-18.pptx,NotStudy
Лекция10_v1.pdf,Study
Отчет №9.txt,Study
torrent73.xlsx,NotStudy
Лаб4 Smith .xlsx,Study
ЛР2 Johnson .xlsx,Study
track_2025-07-08.xlsx,NotStudy
Лаб5 Brown-5.pptx,Study
Реферат10.xlsx,Study
receipt71.docx,NotStudy
Контрольная №1.docx,Study
session(41).docx,NotStudy
statement73.txt,NotStudy
design_2026-04-06.pdf,NotStudy
Экзамен 2.txt,Study
music(44).pdf,NotStudy
payment_2023.txt,NotStudy
ЛР6 №1.txt,Study
lab Smith .pdf,Study
СТБ 1180_24_2023-08-28.pdf,NotStudy
КП-МК(3).xlsx,Study
Экзамен_9_Иванов.txt,Study
rutracker_2020.pptx,NotStudy
9_ЛР_МК_Мухин(9).txt,Study
license_2024-08-05.pdf,NotStudy
Vpsk - 2020-07-19.pdf,NotStudy
Государственное_регулирование - 2018-01-20.txt,NotStudy
Государственное_регулирование - 2022-12-08.pptx,NotStudy
ЛР3_2_Brown.xlsx,Study
keygen_2024.pdf,NotStudy
Практическая 3.txt,Study
Урок №9.txt,Study
Лаб3 Сидоров .txt,Study
song_71_2023-02-20.txt,NotStudy
settings_53_2021-06-28.xlsx,NotStudy
scan(28).txt,NotStudy
8Лаба 1.txt,Study
cookie_2019-02-25.txt,NotStudy
update(63).xlsx,NotStudy
Vpsk39.xlsx,NotStudy
backup41.docx,NotStudy
Патентные исследования(47).pptx,NotStudy
Домашняя Иванов 2019-03-15.pdf,Study
setup - 2020-01-19.xlsx,NotStudy
Титульный лист Brown-6.txt,Study
music_2018-06-19.pdf,NotStudy
Лаб5 №10.xlsx,Study
Авторский договор_2025-02-19.pdf,NotStudy
movie_2019-09-01.txt,NotStudy
ЛР27.docx,Study
clip32.pdf,NotStudy
cookie(38).docx,NotStudy
report_financial - 2022-06-21.pptx,NotStudy
essay10.docx,Study
finance21.docx,NotStudy
ЛР72_v3.pptx,Study
МР по выполнению_Brown.txt,Study
Лаб4_4_Иванов.docx,Study
ПЗ №5 ОУИС10.pdf,Study
misc(50).docx,NotStudy
ЛР(2).xlsx,Study
update(63).pptx,NotStudy
test 7.pdf,Study
Контрольная_Brown.pdf,Study
69_ЛР_МК_Мухин.docx,Study
picture 70.pdf,NotStudy
scan_2026.txt,NotStudy
9_ЛР_МК_Мухин_Smith.pdf,Study
ПРАКТИЧЕСКОЕ ЗАДАНИЕ 2.docx,Study
Lab№08_v1.pdf,Study
ЛР2_Петров.pdf,Study
rutracker_62_2019-07-14.xlsx,NotStudy
Lab№0 Brown-9.docx,Study
setup86.pdf,NotStudy
ЛР2(6).pptx,Study
screenshot_2026-12-19.xlsx,NotStudy
Реферат_Климович_Smith.pdf,Study
project 38.txt,NotStudy
Контрольная 4.docx,Study
99_ЛР_МК_Мухин.docx,Study
dump55.xlsx,NotStudy
Аналитика по предприятиям_2025-04-18.pdf,NotStudy
reversOC_2022.pdf,NotStudy
Лаб Петров-2.xlsx,Study
Тема 1 №8.txt,Study
Контрольная9_v3.xlsx,Study
Работа 5.txt,Study
dump_68_2019-11-19.pptx,NotStudy
sales 33.docx,NotStudy
database_42_2022-10-01.docx,NotStudy
Практическая4_v1.txt,Study
ЛР2 2.xlsx,Study
Практическая4_v4.pdf,Study
ПЗ1 №4.txt,Study
ЛР(9).pptx,Study
Вопросы на экзамен_Сидоров.docx,Study
2exam.pptx,Study
2Вопросы на экзамен.xlsx,Study
practice_Johnson.pdf,Study
hr__2019-08-09.xlsx,NotStudy
cache_7_2021-08-28.pdf,NotStudy
ПЗ3 №2.txt,Study
Практика №10.xlsx,Study
ПРАКТИЧЕСКОЕ ЗАДАНИЕ8_v4.docx,Study
Работа Johnson 2021-07-27.pptx,Study
ЛР5_v1.xlsx,Study
ЛР10 Johnson 2022-02-25.pdf,Study
Тема 10 Johnson .pdf,Study
Курсчач МК 1.xlsx,Study
ЛР5(5).xlsx,Study
cookie - 2019-05-26.docx,NotStudy
file_2026.pptx,NotStudy
Beautiful_2026-06-28.pptx,NotStudy
ЛР84_v2.pptx,Study
sample - 2023-08-01.pdf,NotStudy
lab(1).pptx,Study
Работа_2_Smith.docx,Study
Beautiful_2021.xlsx,NotStudy
ЛР6_Johnson.pdf,Study
wallpaper47.pdf,NotStudy
audio42.txt,NotStudy
9Самостоятельная.pptx,Study
sales_2023-11-27.docx,NotStudy
9Лекция.xlsx,Study
bill_2018-08-05.pdf,NotStudy
Лаб41.docx,Study
screenshot - 2024-10-20.pdf,NotStudy
cookie_2025-07-02.pdf,NotStudy
ЛР9 Brown .docx,Study
lecture 8.txt,Study
МР по выполнению Johnson .docx,Study
license(51).txt,NotStudy
Тема 10 1.docx,Study
ЛР3 Петров .xlsx,Study
setup - 2020-01-09.xlsx,NotStudy
Реферат_Климович 2.xlsx,Study
reversOC_2020-08-23.docx,NotStudy
Лаб5_Климович.pptx,Study
lab Сидоров .xlsx,Study
cache(16).xlsx,NotStudy
lab 3.xlsx,Study
coursework7.docx,Study
reversOC_2026.docx,NotStudy
license5.pdf,NotStudy
Лаб7.pdf,Study
ЛР3(6).txt,Study
Практическая Brown-1.pptx,Study
ПРАКТИЧЕСКОЕ ЗАДАНИЕ9.docx,Study
lecture Климович 2021-11-08.txt,Study
sklad_2023-07-27.pptx,NotStudy
installer 45.txt,NotStudy
ЛР4 10.docx,Study
scan 93.pptx,NotStudy
archive_46_2026-01-28.pptx,NotStudy
Работа 7.txt,Study
Лаб5 6.pdf,Study
Практикум 4.txt,Study
lab_Johnson.xlsx,Study
Тема 1_1_Johnson.pptx,Study
bill - 2021-09-27.docx,NotStudy
lecture(6).xlsx,Study
Исходные_данные_для_лабораторной 2.xlsx,Study
Лаб2(10).docx,Study
Практикум_Иванов.docx,Study
statement_15_2018-03-10.pdf,NotStudy
Курсовая9_v1.docx,Study
clip39.docx,NotStudy
ЛР46.pptx,Study
лаба 83_v3.xlsx,Study
Lab№0 №10.xlsx,Study
ПРАКТИЧЕСКОЕ ЗАДАНИЕ_Brown.pptx,Study
project_2020.pptx,NotStudy
payment_2025-02-21.pdf,NotStudy
audio(22).xlsx,NotStudy
data_2025-06-06.txt,NotStudy
Лаб_Климович.pptx,Study
dump 35.pdf,NotStudy
Лекция 10.txt,Study
assignment(6).pptx,Study
Реферат_Климович_10_Климович.txt,Study
payment 90.pdf,NotStudy
picture 78.pdf,NotStudy
Лабораторная5_v2.xlsx,Study
Trendy-potrebleniya_2026-12-22.pptx,NotStudy
track 86.docx,NotStudy
ПЗ №5 ОУИС_7_Петров.xlsx,Study
practice №3.pptx,Study
project_30_2023-06-19.docx,NotStudy
invoice - 2025-03-03.pdf,NotStudy
coursework_Smith.pdf,Study
Практикум Иванов-4.docx,Study
Авторский договор_8_2020-05-05.pdf,NotStudy
data(77).pptx,NotStudy
hr_ 94.txt,NotStudy
rutracker 39.txt,NotStudy
Лекция10_v3.txt,Study
Самостоятельная Brown .xlsx,Study
Лаб Иванов 2018-06-14.txt,Study
accounting_2023-03-04.pdf,NotStudy
log 21.docx,NotStudy
music_2024.docx,NotStudy
clip_2023.xlsx,NotStudy
seminar №5.pptx,Study
reversOC 9.docx,NotStudy
Авторский договор6.pptx,NotStudy
file_73_2026-02-14.xlsx,NotStudy
1002ЛР Климович.docx,Study
4assignment.docx,Study
config_2025.xlsx,NotStudy
ПЗ3_4_Brown.pdf,Study
Реферат_Климович Johnson-3.pdf,Study
exam_6_Сидоров.pdf,Study
design(40).txt,NotStudy
Реферат(8).docx,Study
Задание9.docx,Study
Beautiful(39).xlsx,NotStudy
reversOC_2020.pdf,NotStudy
coursework_Brown.docx,Study
finance(85).xlsx,NotStudy
log 41.pdf,NotStudy
installer(95).txt,NotStudy
Патентные исследования_14_2026-07-15.pptx,NotStudy
update2.xlsx,NotStudy
torrent - 2018-12-22.pptx,NotStudy
report_financial(31).pdf,NotStudy
patch 61.docx,NotStudy
report_financial - 2020-09-05.pdf,NotStudy
Лабораторная(7).txt,Study
Реферат_Климович(7).txt,Study
Тема 110.docx,Study
track 51.xlsx,NotStudy
ЛР10 Иванов .docx,Study
Патентные исследования_2021.pptx,NotStudy
9_ЛР_МК_Мухин2_v5.docx,Study
Lab№0 Климович-3.xlsx,Study
Приложение_53_2018-06-17.xlsx,NotStudy
Лаб2(7).txt,Study
employees 82.docx,NotStudy
Патентные исследования_2026.pptx,NotStudy
Исходные_данные_для_лабораторной_1_Johnson.docx,Study
db_77_2021-01-22.txt,NotStudy
Лаба 1(1).docx,Study
Самостоятельная Johnson-10.pdf,Study
Работа(4).xlsx,Study
update33.xlsx,NotStudy
update33.xlsx,NotStudy
coursework №3.txt,Study
hr__19_2021-10-16.docx,NotStudy
lab №7.pdf,Study
Лаб3 Smith 2025-01-01.txt,Study
receipt_2026-12-17.txt,NotStudy
finance(48).xlsx,NotStudy
crack - 2025-02-01.txt,NotStudy
coursework_4_Климович.docx,Study
setup(95).docx,NotStudy
ЛР9 Петров .xlsx,Study
Лекция Климович-9.xlsx,Study
ПЗ №5 ОУИС_Brown.pptx,Study
ЛР29.docx,Study
ЛР7(2).pptx,Study
ЛР4(5).pdf,Study
ЛР4 №6.pdf,Study
img(73).docx,NotStudy
Тема 11.pptx,Study
design_30_2018-12-10.xlsx,NotStudy
ЛР710.pptx,Study
2Лаб5.pdf,Study
audio_2020.txt,NotStudy
report_financial 67.xlsx,NotStudy
budget21.xlsx,NotStudy
Лаб1(1).xlsx,Study
scan - 2025-07-26.xlsx,NotStudy
Отчёт лабораторная(5).pptx,Study
Vpsk(92).xlsx,NotStudy
ПЗ32.pdf,Study
4Реферат.pptx,Study
crack_2021.docx,NotStudy
clip_2021.docx,NotStudy
Патентные исследования_2021-10-13.docx,NotStudy
mockup - 2019-03-24.xlsx,NotStudy
Задание Smith .xlsx,Study
db 13.txt,NotStudy
Лекция8.pdf,Study
draft_2022.docx,NotStudy
Работа Климович .txt,Study
practice1_v1.txt,Study
picture - 2020-04-17.pptx,NotStudy
cookie 37.xlsx,NotStudy
installer14.pdf,NotStudy
6seminar.docx,Study
Курсовая Smith 2026-10-10.xlsx,Study
song3.xlsx,NotStudy
Контрольная Сидоров .pdf,Study
screenshot 100.pptx,NotStudy
seminar9.pdf,Study
Контрольная10.pdf,Study
Практическая Smith-4.pdf,Study
лаба 8_1_Климович.docx,Study
КП-МК_Johnson.txt,Study
statement(29).docx,NotStudy
Лаб2(8).pdf,Study
Лаб4_Петров.pptx,Study
Практическая9_v3.xlsx,Study
Самостоятельная_5_Сидоров.docx,Study
wallpaper_2023.xlsx,NotStudy
video_2026-03-18.pdf,NotStudy
export_2026-03-07.pdf,NotStudy
ЛР3(7).docx,Study
song_2026.docx,NotStudy
report_financial(20).txt,NotStudy
assignment_Петров.txt,Study
lecture Петров .pptx,Study
sales_2026-11-27.pdf,NotStudy
ЛР34.xlsx,Study
accounting(46).pptx,NotStudy
СТБ 118099.pptx,NotStudy
Реферат_Климович(5).txt,Study
лаба 8 №1.txt,Study
Trendy-potrebleniya 90.pptx,NotStudy
Патентные исследования 9.pptx,NotStudy
exam Smith-2.docx,Study
audio_2025.txt,NotStudy
download_57_2026-12-07.txt,NotStudy
exam №8.docx,Study
screenshot_2021-05-16.pdf,NotStudy
МР по выполнению Климович .pdf,Study
Работа Brown-1.pdf,Study
coursework_Климович.pptx,Study
Лаб55_v4.pptx,Study
02ЛР Климович №8.pdf,Study
Лаб2_6_Петров.txt,Study
budget 22.docx,NotStudy
ЛР10_9_Климович.docx,Study
Практическая_9_Петров.txt,Study
лаба 8 Сидоров-4.xlsx,Study
Практика 7.pdf,Study
draft(49).pptx,NotStudy
file - 2025-09-22.pptx,NotStudy
ЛР2 Иванов-3.pptx,Study
Реферат_Климович 8.pptx,Study
seminar_9_Brown.docx,Study
misc61.pdf,NotStudy
ЛР86_v1.pdf,Study
db - 2024-11-16.pptx,NotStudy
receipt - 2024-06-18.pdf,NotStudy
Самостоятельная №3.pdf,Study
db33.txt,NotStudy
Контрольная(10).pptx,Study
wallpaper - 2026-01-07.txt,NotStudy
Лаб2_7_Brown.pdf,Study
ЛР110_v1.xlsx,Study
лаба 8 Brown-4.docx,Study
Лаб5 Smith .pdf,Study
download(32).xlsx,NotStudy
installer59.pptx,NotStudy
Лаб1_Климович.xlsx,Study
test_Иванов.pdf,Study
rutracker49.pptx,NotStudy
screenshot_2021.docx,NotStudy
photo63.txt,NotStudy
img99.pptx,NotStudy
dump_91_2020-01-14.xlsx,NotStudy
Тема 20(2).xlsx,Study
img_2019-06-24.docx,NotStudy
scan - 2019-04-22.pptx,NotStudy
Вопросы на экзамен 4.docx,Study
sample_46_2021-02-09.txt,NotStudy
Контрольная №9.pptx,Study
project 5.pptx,NotStudy
Исходные_данные_для_лабораторной Smith .pdf,Study
assignment_Johnson.xlsx,Study
file64.docx,NotStudy
ЛР57_v3.xlsx,Study
draft16.pdf,NotStudy
Курсчач МК Климович .xlsx,Study
Исходные_данные_для_лабораторной_Сидоров.pptx,Study
picture 83.txt,NotStudy
Работа Johnson 2022-02-28.docx,Study
Лаб5 Johnson .docx,Study
accounting_2023-10-14.txt,NotStudy
Курсчач МК_8_Brown.docx,Study
sketch68.xlsx,NotStudy
misc_2022.docx,NotStudy
rutracker - 2023-12-21.xlsx,NotStudy
Vpsk - 2023-05-11.xlsx,NotStudy
ПЗ1 1.docx,Study
10Работа.pdf,Study
ПЗ110.pdf,Study
rutracker_2021.pptx,NotStudy
Основные средства 54.pdf,NotStudy
exam Сидоров .docx,Study
Тема 1 1.pdf,Study
rutracker 86.txt,NotStudy
10Лабораторная.docx,Study
image - 2026-09-27.pdf,NotStudy
Работа_Петров.docx,Study
test_Brown.pdf,Study
ЛР42.pdf,Study
seminar Johnson 2024-06-02.docx,Study
seminar Smith .docx,Study
seminar_5_Сидоров.pdf,Study
Исходные_данные_для_лабораторной(7).pptx,Study
Урок Johnson-5.txt,Study
crack_2026-01-20.docx,NotStudy
coursework_6_Johnson.pptx,Study
temp_2024.xlsx,NotStudy
Приложение(68).xlsx,NotStudy
image(69).pptx,NotStudy
Контрольная Петров-6.pptx,Study
Самостоятельная2.docx,Study
report_financial78.txt,NotStudy
project - 2020-04-27.xlsx,NotStudy
hr_(39).docx,NotStudy
Реферат6.pdf,Study
screenshot_2018-05-27.xlsx,NotStudy
ЛР2 №6.docx,Study
img_22_2018-08-11.txt,NotStudy
Государственное_регулирование - 2024-12-18.pptx,NotStudy
image_2022.txt,NotStudy
Титульный лист_Сидоров.txt,Study
Реферат_Климович_7_Петров.xlsx,Study
prototype 49.xlsx,NotStudy
Лаб2 Сидоров-4.pptx,Study
coursework_Климович.xlsx,Study
10ЛР2.pdf,Study
Лаб4 Петров-4.pdf,Study
lecture Сидоров-5.docx,Study
database_2022.pdf,NotStudy
ЛР8 Brown 2022-12-07.docx,Study
wallpaper88.docx,NotStudy
Лаб15_v2.docx,Study
sample_2020.pdf,NotStudy
prototype_7_2021-01-08.xlsx,NotStudy
keygen 44.pptx,NotStudy
Реферат №3.xlsx,Study
audio84.xlsx,NotStudy
Приложение - 2022-04-08.txt,NotStudy
mockup_46_2025-08-18.docx,NotStudy
keygen_2020-05-02.pdf,NotStudy
ЛР7_Иванов.pdf,Study
Реферат5.pptx,Study
7test.txt,Study
Отчёт лабораторная9_v4.pdf,Study
screenshot_2020.xlsx,NotStudy
rutracker_2026.xlsx,NotStudy
file_2018-10-09.docx,NotStudy
budget 96.xlsx,NotStudy
4exam.xlsx,Study
prototype_2021-03-27.docx,NotStudy
КП-МК Johnson-3.txt,Study
9Титульный лист.docx,Study
Trendy-potrebleniya 78.pptx,NotStudy
ЛР8_Сидоров.pdf,Study
seminar9.pdf,Study
practice_2_Smith.pdf,Study
МР по выполнению4.txt,Study
6ЛР10.pdf,Study
Основные средства_50_2018-08-08.docx,NotStudy
Вопросы на экзамен_Smith.pdf,Study
keygen_2022.xlsx,NotStudy
picture - 2019-09-19.pptx,NotStudy
ПЗ1 8.pdf,Study
audio_2026-08-16.docx,NotStudy
session_2021.docx,NotStudy
dump(43).pptx,NotStudy
Лабораторная Brown-2.xlsx,Study
Лекция Сидоров .txt,Study
Лекция(2).pdf,Study
ПРАКТИЧЕСКОЕ ЗАДАНИЕ_Петров.xlsx,Study
sample_2020.xlsx,NotStudy
Вопросы на экзамен №3.docx,Study
accounting33.xlsx,NotStudy
assignment3.pdf,Study
Практическая №10.docx,Study
Лаб 4.xlsx,Study
ЛР7_1_Johnson.pdf,Study
СТБ 118073.xlsx,NotStudy
8assignment.txt,Study
Лаб11_v1.txt,Study
essay_Иванов.xlsx,Study
ПЗ3_1_Иванов.xlsx,Study
Лаб5 Петров-7.pdf,Study
Практическая10.xlsx,Study
1ЛР5.xlsx,Study
Реферат(4).docx,Study
essay Brown 2018-04-20.docx,Study
Патентные исследования(61).docx,NotStudy
sales42.txt,NotStudy
4coursework.txt,Study
budget_2025.txt,NotStudy
Beautiful - 2021-04-15.docx,NotStudy
cookie(32).docx,NotStudy
Лаб18_v1.pptx,Study
settings(73).xlsx,NotStudy
sklad(4).pdf,NotStudy
track_2024.pdf,NotStudy
Экзамен №2.xlsx,Study
6Урок.pptx,Study
Лаб49_v4.pdf,Study
Практикум6.txt,Study
Домашняя_Smith.txt,Study
6ЛР6.xlsx,Study
ЛР9 8.xlsx,Study
prototype_2020-07-21.docx,NotStudy
ПЗ №5 ОУИС10_v5.xlsx,Study
КП-МК_Brown.docx,Study
download_2023-06-25.xlsx,NotStudy
Вопросы на экзамен3.docx,Study
Реферат_Климович(4).docx,Study
Контрольная(6).pdf,Study
settings8.docx,NotStudy
Исходные_данные_для_лабораторной(10).pptx,Study
Лаб1_Петров.txt,Study
invoice 76.docx,NotStudy
track_63_2025-08-01.pptx,NotStudy
download_46_2025-10-18.xlsx,NotStudy
Исходные_данные_для_лабораторной №1.pdf,Study
ПЗ1_4_Brown.xlsx,Study
budget - 2020-02-27.xlsx,NotStudy
Beautiful(99).txt,NotStudy
img(63).pptx,NotStudy
sample_2023.pdf,NotStudy
Работа Климович-5.pptx,Study
Лаба 1 4.xlsx,Study
ЛР6(6).xlsx,Study
Приложение_2024.txt,NotStudy
КП-МК6_v4.pdf,Study
Курсовая8.pdf,Study
coursework 2.docx,Study
practice(9).xlsx,Study
crack - 2019-07-27.pdf,NotStudy
installer_2025-01-05.docx,NotStudy
Задание Иванов-5.docx,Study
photo88.txt,NotStudy
photo_46_2021-09-17.xlsx,NotStudy
misc_2018-08-03.xlsx,NotStudy
Приложение(8).txt,NotStudy
ЛР7 №1.pdf,Study
cache_2022-02-19.txt,NotStudy
test 5.txt,Study
Экзамен9_v2.txt,Study
ПРАКТИЧЕСКОЕ ЗАДАНИЕ Johnson .txt,Study
ЛР3 Иванов-5.pdf,Study
img - 2022-03-05.docx,NotStudy
ПЗ19.docx,Study
Тема 10 №1.docx,Study
draft - 2019-07-23.docx,NotStudy
ЛР51.docx,Study
ПЗ №5 ОУИС №6.pdf,Study
Тема 20(3).pdf,Study
accounting 64.xlsx,NotStudy
02ЛР Климович_Климович.pdf,Study
update 9.txt,NotStudy
Задание Johnson-4.txt,Study
keygen_37_2019-04-08.docx,NotStudy
mockup - 2024-03-06.docx,NotStudy
lecture 9.xlsx,Study
ЛР10 Сидоров .pdf,Study
Домашняя 8.xlsx,Study
draft_2025-06-19.pdf,NotStudy
Vpsk - 2019-08-20.docx,NotStudy
clip_2022.xlsx,NotStudy
cache(96).pptx,NotStudy
song(13).pdf,NotStudy
Урок_Smith.txt,Study
Авторский договор(7).xlsx,NotStudy
config87.pptx,NotStudy
exam №7.docx,Study
6Лаб.txt,Study
1Задание.pptx,Study
Реферат Brown .xlsx,Study
Экзамен_2_Иванов.pdf,Study
9_ЛР_МК_Мухин2_v1.pptx,Study
report_sales - 2025-11-13.pptx,NotStudy
cache_2018-01-02.docx,NotStudy
1ЛР3.pdf,Study
5лаба 8.pptx,Study
wallpaper - 2020-07-23.pptx,NotStudy
Лабораторная_3_Brown.xlsx,Study
Лаб4_Johnson.docx,Study
Экзамен Иванов-2.pdf,Study
Lab№0 Johnson-10.txt,Study
Семинар Климович-8.txt,Study
wallpaper 23.txt,NotStudy
Экзамен Климович-6.docx,Study
Семинар Smith .txt,Study
Лабораторная Петров 2026-12-02.docx,Study
ПЗ1 №4.pptx,Study
Курсовая Петров-4.pptx,Study
4ПРАКТИЧЕСКОЕ ЗАДАНИЕ.xlsx,Study
Урок Петров-10.docx,Study
Задание_Johnson.pdf,Study
session - 2026-06-17.pdf,NotStudy
Практика(5).docx,Study
misc(94).xlsx,NotStudy
Lab№0_Brown.pptx,Study
picture_2019-09-21.pptx,NotStudy
ЛР14_v2.xlsx,Study
setup13.docx,NotStudy
statement_69_2019-05-08.txt,NotStudy
Титульный лист9.xlsx,Study
КП-МК Brown-2.docx,Study
Лаб59.txt,Study
patch 26.docx,NotStudy
file - 2019-07-18.pdf,NotStudy
Патентные исследования_13_2018-06-21.xlsx,NotStudy
config73.docx,NotStudy
scan_26_2022-12-15.docx,NotStudy
rutracker(70).txt,NotStudy
Титульный лист(7).xlsx,Study
Тест №4.xlsx,Study
Курсчач МК_8_Smith.txt,Study
Тема 15_v5.pptx,Study
dump_2020.xlsx,NotStudy
ПЗ38.pptx,Study
screenshot_2019-08-17.txt,NotStudy
Лаб2 Иванов-10.pdf,Study
ЛР1 7.xlsx,Study
Урок_Иванов.docx,Study
Лаб2 Климович 2018-11-19.docx,Study
Лаба 1(7).pptx,Study
cookie(67).xlsx,NotStudy
2Лаб4.xlsx,Study
seminar №1.xlsx,Study
essay 8.xlsx,Study
9_ЛР_МК_Мухин №2.pdf,Study
cookie18.txt,NotStudy
archive58.pdf,NotStudy
cache(16).docx,NotStudy
ЛР8(7).xlsx,Study
Практическая 2.docx,Study
backup20.docx,NotStudy
reversOC_2021-07-14.docx,NotStudy
Тема 12_v3.xlsx,Study
practice_Smith.pptx,Study
Экзамен_Johnson.xlsx,Study
Патентные исследования25.xlsx,NotStudy
Работа(6).pdf,Study
Лаб5_Петров.pptx,Study
Практикум №4.pdf,Study
Лаб 2.docx,Study
keygen - 2025-03-11.pptx,NotStudy
Вопросы на экзамен Петров 2023-12-10.txt,Study
music_2019-08-12.pptx,NotStudy
Тема 108_v1.pdf,Study
temp(97).pdf,NotStudy
Исходные_данные_для_лабораторной_6_Smith.pdf,Study
СТБ 1180 84.xlsx,NotStudy
practice(6).pptx,Study
Отчёт лабораторная2_v2.txt,Study
МР по выполнению4_v5.docx,Study
Реферат Петров-7.txt,Study
ЛР1 Johnson-3.docx,Study
seminar1_v5.pptx,Study
license 1.pdf,NotStudy
lecture4.txt,Study
misc_61_2026-05-28.pdf,NotStudy
79_ЛР_МК_Мухин.pptx,Study
installer_2023.pdf,NotStudy
patch - 2026-04-19.txt,NotStudy
music_2020.docx,NotStudy
Вопросы на экзамен_Иванов.xlsx,Study
sklad_72_2023-07-25.pdf,NotStudy
invoice(7).txt,NotStudy
Основные средства_2025.xlsx,NotStudy
assignment 1.xlsx,Study
Домашняя_Петров.txt,Study
ЛР10_10_Иванов.docx,Study
Отчёт лабораторная_Климович.pdf,Study
ЛР39.docx,Study
Тема 10_Иванов.pdf,Study
Lab№010_v3.txt,Study
Курсовая9.pdf,Study
Тема 20 Smith-7.pptx,Study
wallpaper_2018-04-06.pptx,NotStudy
reversOC_1_2020-11-10.pdf,NotStudy
config_77_2023-04-10.pdf,NotStudy
Тема 20 Johnson 2021-05-06.pptx,Study
ЛР8_9_Johnson.pptx,Study
installer79.docx,NotStudy
data(52).docx,NotStudy
screenshot(80).xlsx,NotStudy
lecture Сидоров-7.txt,Study
Приложение(91).txt,NotStudy
Титульный лист_5_Иванов.pdf,Study
Лаб5 Brown-1.pdf,Study
ПЗ3 Климович 2024-02-23.docx,Study
settings67.txt,NotStudy
Лаб11_v4.xlsx,Study
ЛР2 №7.xlsx,Study
Тема 1_8_Климович.txt,Study
finance 90.docx,NotStudy
settings83.txt,NotStudy
ЛР7 1.pdf,Study
settings_78_2018-08-28.xlsx,NotStudy
misc 28.pptx,NotStudy
Тема 208.pptx,Study
ЛР6(9).pptx,Study
Вопросы на экзамен №7.txt,Study
Семинар_4_Smith.docx,Study
ЛР54_v2.txt,Study
8ЛР.docx,Study
config_72_2019-01-04.pptx,NotStudy
ЛР4 Климович-2.pdf,Study
Приложение_2024.xlsx,NotStudy
Тема 18.pptx,Study
Тема 1 Иванов .pdf,Study
Лаба 15_v4.txt,Study
ПРАКТИЧЕСКОЕ ЗАДАНИЕ Smith-8.docx,Study
lab №4.docx,Study
Отчёт лабораторная Smith .txt,Study
Практика Иванов-10.pdf,Study
Trendy-potrebleniya 78.pdf,NotStudy
misc 26.pdf,NotStudy
Лаб3_Smith.pdf,Study
coursework7.pptx,Study
movie_2022-09-04.docx,NotStudy
sklad_14_2026-02-25.pdf,NotStudy
Лаб2(4).docx,Study
settings_29_2023-03-19.txt,NotStudy
sample_2020-03-21.xlsx,NotStudy
ЛР38_v5.pdf,Study
Задание №3.txt,Study
setup_2022.txt,NotStudy
Beautiful_52_2020-07-26.xlsx,NotStudy
Лаб1 Сидоров 2025-11-07.txt,Study
scan_2023.pdf,NotStudy
statement_2026.pdf,NotStudy
invoice46.pptx,NotStudy
sklad - 2021-12-11.pptx,NotStudy
ЛР3 Иванов-3.xlsx,Study
export_2026-06-20.docx,NotStudy
keygen_2020.pdf,NotStudy
sklad85.txt,NotStudy
9_ЛР_МК_Мухин Петров .xlsx,Study
Аналитика по предприятиям - 2026-11-18.docx,NotStudy
Домашняя(9).pdf,Study
СТБ 1180_2024.pptx,NotStudy
9ЛР3.docx,Study
Практическая_Сидоров.pdf,Study
invoice23.txt,NotStudy
clip_49_2018-10-18.xlsx,NotStudy
9_ЛР_МК_Мухин_Климович.xlsx,Study
img(82).txt,NotStudy
video85.pdf,NotStudy
Практикум_9_Johnson.txt,Study
Реферат_Климович №6.pdf,Study
video_2025-11-02.txt,NotStudy
Практика 5.xlsx,Study
config_2020-05-28.xlsx,NotStudy
МР по выполнению 10.xlsx,Study
archive_2024-11-28.txt,NotStudy
Лаб1 2.pptx,Study
3Титульный лист.xlsx,Study
hr_(7).pdf,NotStudy
picture_2024.docx,NotStudy
dump16.pdf,NotStudy
8ЛР9.xlsx,Study
Практика Иванов-6.xlsx,Study
Задание №3.docx,Study
Основные средства 70.docx,NotStudy
backup_2022.docx,NotStudy
statement_2026.docx,NotStudy
ЛР9_4_Brown.pptx,Study
lecture(6).pdf,Study
Лаб1_Сидоров.docx,Study
Лекция №3.xlsx,Study
Урок №8.pdf,Study
project_2025-11-20.pptx,NotStudy
Аналитика по предприятиям_64_2025-12-24.xlsx,NotStudy
Лаб2 7.xlsx,Study
Лаб13_v5.pdf,Study
design 24.pptx,NotStudy
hr__97_2019-02-03.xlsx,NotStudy
budget_25_2023-02-04.xlsx,NotStudy
3Самостоятельная.pptx,Study
patch(83).pdf,NotStudy
scan_33_2021-09-10.txt,NotStudy
Lab№0(3).docx,Study
Лаба 1 7.xlsx,Study
essay 8.pptx,Study
accounting_2020.txt,NotStudy
Основные средства 41.txt,NotStudy
ПРАКТИЧЕСКОЕ ЗАДАНИЕ(8).pdf,Study
Лаб5 Петров 2018-11-07.pptx,Study
payment(73).docx,NotStudy
Лаб3 9.txt,Study
Отчёт лабораторная Smith-3.docx,Study
Работа(6).xlsx,Study
Отчёт лабораторная_Smith.xlsx,Study
Тема 16_v2.docx,Study
ПЗ №5 ОУИС_9_Петров.xlsx,Study
902ЛР Климович.xlsx,Study
picture 41.docx,NotStudy
file76.txt,NotStudy
ЛР10_Сидоров.txt,Study
Тема 20 Иванов-2.docx,Study
lecture1_v2.docx,Study
track - 2025-07-24.xlsx,NotStudy
export 8.pptx,NotStudy
crack 97.txt,NotStudy
budget_57_2018-05-21.txt,NotStudy
bill_2018-04-28.docx,NotStudy
02ЛР Климович №8.pptx,Study
essay 3.xlsx,Study
employees 75.pptx,NotStudy
Лаб110.pdf,Study
Отчет 2.xlsx,Study
download - 2021-10-16.pdf,NotStudy
Экзамен Климович-2.docx,Study
2ЛР1.xlsx,Study
4лаба 8.docx,Study
crack_84_2023-10-28.pdf,NotStudy
Лекция №3.xlsx,Study
Реферат(2).xlsx,Study
report_financial - 2019-12-01.pdf,NotStudy
keygen_99_2020-08-11.pdf,NotStudy
Контрольная_9_Петров.pptx,Study
02ЛР Климович №4.pptx,Study
Лекция Климович-4.pptx,Study
9Семинар.pptx,Study
screenshot_2019-08-28.txt,NotStudy
setup(48).txt,NotStudy
misc - 2025-05-18.pdf,NotStudy
Экзамен_2_Smith.pptx,Study
Beautiful 62.xlsx,NotStudy
3ЛР3.xlsx,Study
session - 2020-10-25.pdf,NotStudy
accounting(6).xlsx,NotStudy
7ПЗ3.pdf,Study
exam2_v4.docx,Study
rutracker_2026-08-26.docx,NotStudy
ПРАКТИЧЕСКОЕ ЗАДАНИЕ Johnson-2.docx,Study
log_57_2018-06-10.txt,NotStudy
keygen_46_2025-11-05.pptx,NotStudy
02ЛР Климович №8.xlsx,Study
Vpsk_2026.docx,NotStudy
sales 96.pdf,NotStudy
5lecture.docx,Study
screenshot_63_2018-09-16.txt,NotStudy
Лекция Brown .txt,Study
license - 2021-10-18.docx,NotStudy
audio_2021.pptx,NotStudy
Реферат_10_Brown.pptx,Study
Работа_3_Климович.pdf,Study
database - 2024-03-05.xlsx,NotStudy
Аналитика по предприятиям(95).docx,NotStudy
installer 21.txt,NotStudy
license14.docx,NotStudy
Тема 1 8.docx,Study
Лаба 1 1.pptx,Study
Титульный лист3_v3.docx,Study
test 6.docx,Study
Vpsk13.pptx,NotStudy
Реферат_Климович_3_Иванов.xlsx,Study
Отчет_1_Иванов.txt,Study
archive(12).pptx,NotStudy
project_15_2018-01-28.pptx,NotStudy
Trendy-potrebleniya_83_2018-04-23.docx,NotStudy
accounting_2019-05-28.pptx,NotStudy
Титульный лист 1.txt,Study
ЛР10 Петров .docx,Study
db_2025.xlsx,NotStudy
lab7_v3.txt,Study
file 69.pdf,NotStudy
update 69.xlsx,NotStudy
Практикум Smith-5.xlsx,Study
config_79_2022-11-02.xlsx,NotStudy
Контрольная Иванов .txt,Study
Лаб5 2.txt,Study
log_2023-04-19.xlsx,NotStudy
Урок_Brown.pptx,Study
Практическая №6.docx,Study
cookie 60.txt,NotStudy
ЛР8_3_Климович.docx,Study
Исходные_данные_для_лабораторной4_v4.pptx,Study
Тема 203_v1.docx,Study
Семинар_Johnson.pptx,Study
ЛР4_5_Smith.pdf,Study
Курсчач МК6_v2.docx,Study
data_90_2024-05-13.pdf,NotStudy
temp(10).xlsx,NotStudy
ЛР4_9_Петров.docx,Study
data 55.txt,NotStudy
rutracker80.txt,NotStudy
torrent_2023.pptx,NotStudy
02ЛР Климович №8.pptx,Study
ПЗ1(4).docx,Study
7Тема 1.pdf,Study
МР по выполнению_9_Johnson.txt,Study
02ЛР Климович 3.xlsx,Study
exam 5.pdf,Study
statement_2023-03-13.pptx,NotStudy
db - 2020-02-14.docx,NotStudy
rutracker12.pdf,NotStudy
1Вопросы на экзамен.pptx,Study
СТБ 1180_2022-04-08.xlsx,NotStudy
assignment(10).xlsx,Study
dump_2022.pdf,NotStudy
ЛР69_v4.pdf,Study
ЛР9 №9.pdf,Study
ЛР9 3.pptx,Study
file75.txt,NotStudy
seminar Иванов 2023-05-12.pdf,Study
crack32.pptx,NotStudy
settings 7.xlsx,NotStudy
Исходные_данные_для_лабораторной Smith-7.pptx,Study
Титульный лист №3.txt,Study
ПЗ №5 ОУИС Brown-9.xlsx,Study
Задание Johnson-10.pdf,Study
ЛР10_9_Brown.pdf,Study
ЛР2(9).xlsx,Study
Лекция(6).xlsx,Study
ПЗ1 Сидоров .docx,Study
Домашняя2_v3.docx,Study
clip(14).txt,NotStudy
ЛР9_3_Климович.docx,Study
Работа №4.xlsx,Study
ЛР7(4).pdf,Study
ЛР10 №5.xlsx,Study
3ЛР3.pptx,Study
Lab№06.xlsx,Study
Vpsk_2025.pptx,NotStudy
scan_2022.pdf,NotStudy
license_23_2020-02-05.pdf,NotStudy
Лаб5 Петров-9.txt,Study
Практическая 7.docx,Study
802ЛР Климович.xlsx,Study
img7.pptx,NotStudy
02ЛР Климович4.txt,Study
seminar 9.docx,Study
Тема 1(8).pptx,Study
audio 39.xlsx,NotStudy
Тема 1_3_Климович.xlsx,Study
essay2_v1.pptx,Study
Лаб3_7_Иванов.pdf,Study
Лаба 11.docx,Study
practice_Сидоров.xlsx,Study
Beautiful_2023.xlsx,NotStudy
2Лаб4.pptx,Study
Практикум1_v3.txt,Study
Trendy-potrebleniya_2022.pdf,NotStudy
Часть_10_Иванов.xlsx,Study
Практикум(5).docx,Study
ЛР2(8).pdf,Study
sklad - 2026-10-10.txt,NotStudy
Лаб4_Smith.txt,Study
Основные средства_13_2024-02-10.pdf,NotStudy
Экзамен9_v5.txt,Study
img_95_2022-02-27.xlsx,NotStudy
coursework_10_Иванов.xlsx,Study
song78.pptx,NotStudy
Реферат_Климович(9).txt,Study
report_financial 85.docx,NotStudy
Trendy-potrebleniya_2018-12-24.xlsx,NotStudy
video_2020.pdf,NotStudy
statement_17_2026-08-11.xlsx,NotStudy
photo 36.xlsx,NotStudy
Практическая Brown 2019-06-23.txt,Study
Контрольная5_v1.pptx,Study
Работа №5.pdf,Study
Trendy-potrebleniya_2018-02-18.pdf,NotStudy
Часть_Johnson.xlsx,Study
dump_2020-03-20.pdf,NotStudy
data_2022.pptx,NotStudy
coursework_9_Иванов.xlsx,Study
Реферат_Климович 8.txt,Study
Контрольная(8).pptx,Study
Титульный лист1.pptx,Study
image_2026.pptx,NotStudy
ПЗ №5 ОУИС4.txt,Study
statement65.docx,NotStudy
patch 28.txt,NotStudy
Экзамен4.pptx,Study
invoice(34).pdf,NotStudy
database 53.docx,NotStudy
СТБ 1180 3.pdf,NotStudy
Лаб3 Климович .xlsx,Study
data_90_2024-05-07.docx,NotStudy
finance_2024-12-26.txt,NotStudy
Отчет(4).txt,Study
Курсовая10.pdf,Study
6seminar.docx,Study
cookie_56_2024-02-18.pptx,NotStudy
sketch - 2020-07-10.pptx,NotStudy
Лекция4.pdf,Study
wallpaper_67_2023-10-12.txt,NotStudy
Реферат_2_Иванов.docx,Study
1ПРАКТИЧЕСКОЕ ЗАДАНИЕ.xlsx,Study
Экзамен_Петров.txt,Study
ПЗ №5 ОУИС_Климович.txt,Study
Лекция Brown-4.pptx,Study
invoice(19).xlsx,NotStudy
image58.pdf,NotStudy
cookie_20_2023-05-16.txt,NotStudy
1Тест.pptx,Study
Практикум Климович-4.pdf,Study
Патентные исследования73.xlsx,NotStudy
Курсовая Johnson 2024-03-08.pdf,Study
keygen55.xlsx,NotStudy
settings(2).docx,NotStudy
ПЗ3_Сидоров.txt,Study
Часть Климович-10.pdf,Study
report_sales_70_2026-11-07.xlsx,NotStudy
installer39.xlsx,NotStudy
Практика 2.pptx,Study
Тема 110_v1.txt,Study
Титульный лист №6.pdf,Study
Самостоятельная9.pdf,Study
Работа_5_Johnson.pptx,Study
photo_2021-05-10.txt,NotStudy
Работа10.pdf,Study
cache_83_2018-11-26.docx,NotStudy
patch50.xlsx,NotStudy
torrent_55_2025-04-01.docx,NotStudy
2Реферат.pdf,Study
Vpsk_2023.pptx,NotStudy
misc - 2018-10-13.xlsx,NotStudy
ЛР4 Петров-1.pptx,Study
picture90.docx,NotStudy
archive 100.txt,NotStudy
sklad(23).docx,NotStudy
ЛР Brown 2026-12-20.docx,Study
wallpaper_50_2020-01-21.pdf,NotStudy
Практическая №9.docx,Study
Аналитика по предприятиям_2025.pptx,NotStudy
employees 94.docx,NotStudy
music_89_2018-03-15.pptx,NotStudy
statement 91.docx,NotStudy
budget_2020.docx,NotStudy
Лаб Smith 2020-02-21.xlsx,Study
Trendy-potrebleniya(9).pptx,NotStudy
Trendy-potrebleniya(32).pdf,NotStudy
Trendy-potrebleniya75.pptx,NotStudy
Лаб28.pdf,Study
Самостоятельная2_v4.xlsx,Study
Государственное_регулирование_2023-10-02.xlsx,NotStudy
Вопросы на экзамен_Иванов.docx,Study
Отчет_Иванов.docx,Study
export - 2021-10-07.docx,NotStudy
ЛР3_1_Johnson.pdf,Study
Лаб1 Иванов .pptx,Study
Практическая_Иванов.docx,Study
Государственное_регулирование - 2026-04-26.pdf,NotStudy
clip_2019-04-01.pdf,NotStudy
Отчёт лабораторная10_v5.pdf,Study
ЛР Brown-7.xlsx,Study
patch55.pdf,NotStudy
Практика6.docx,Study
config_2023-06-17.pdf,NotStudy
Задание2_v3.pptx,Study
Авторский договор_2025.pdf,NotStudy
download_2024.pptx,NotStudy
02ЛР Климович2.docx,Study
Самостоятельная №8.txt,Study
Лаба 12_v5.pdf,Study
2ЛР3.xlsx,Study
lecture4_v5.docx,Study
10ПРАКТИЧЕСКОЕ ЗАДАНИЕ.pdf,Study
Работа 6.txt,Study
budget - 2022-02-22.txt,NotStudy
cookie - 2018-07-09.docx,NotStudy
sklad_8_2018-09-09.xlsx,NotStudy
3Лекция.docx,Study
Отчет_Сидоров.docx,Study
Отчёт лабораторная(3).xlsx,Study
Лаб2 Brown-9.txt,Study
Отчет №5.txt,Study
9assignment.docx,Study
cache_2025-06-19.pptx,NotStudy
Задание_Johnson.docx,Study
ЛР3(1).pdf,Study
song - 2020-04-20.txt,NotStudy
temp_2022-10-18.pdf,NotStudy
bill - 2025-02-13.pdf,NotStudy
license - 2021-11-04.xlsx,NotStudy
ЛР68.xlsx,Study
Beautiful_2024.xlsx,NotStudy
Лаб4 №5.docx,Study
picture 86.xlsx,NotStudy
Тема 14_v4.xlsx,Study
ЛР2 №9.docx,Study
ЛР2 №8.xlsx,Study
Приложение - 2021-12-26.pdf,NotStudy
accounting 66.docx,NotStudy
image - 2025-03-03.txt,NotStudy
Лаб24_v1.xlsx,Study
ПЗ №5 ОУИС №1.docx,Study
report_sales85.docx,NotStudy
7Работа.docx,Study
update69.xlsx,NotStudy
ЛР1(7).txt,Study
9_ЛР_МК_Мухин №10.xlsx,Study
report_financial_2022-10-04.pptx,NotStudy
СТБ 1180 - 2023-03-26.pdf,NotStudy
statement_2025.pdf,NotStudy
music 34.pptx,NotStudy
photo42.pptx,NotStudy
audio(23).pptx,NotStudy
backup_2025-12-23.pptx,NotStudy
cookie(14).pptx,NotStudy
dump_2022-07-02.docx,NotStudy
Лекция(10).xlsx,Study
Лаб5 Иванов-1.xlsx,Study
essay6_v5.xlsx,Study
audio19.txt,NotStudy
clip94.xlsx,NotStudy
bill_85_2021-03-12.pptx,NotStudy
setup(13).txt,NotStudy
МР по выполнению Johnson-2.xlsx,Study
лаба 8 Петров 2024-06-23.pdf,Study
report_financial_78_2025-06-12.docx,NotStudy
Trendy-potrebleniya_60_2018-07-08.pdf,NotStudy
Тема 20_1_Петров.docx,Study
coursework7.pdf,Study
Домашняя10_v1.pptx,Study
data_2026.xlsx,NotStudy
Лаб37_v2.pptx,Study
report_financial 42.txt,NotStudy
Домашняя 3.xlsx,Study
Государственное_регулирование_2022.docx,NotStudy
ЛР3(2).txt,Study
Задание8_v4.pdf,Study
screenshot_2023.txt,NotStudy
Практика5_v5.docx,Study
ЛР6 Петров-9.docx,Study
Лекция №4.pdf,Study
Trendy-potrebleniya(90).pdf,NotStudy
mockup26.pptx,NotStudy
database_2020.txt,NotStudy
Тема 20 10.txt,Study
Лаба 13.xlsx,Study
Лаб3_Brown.pdf,Study
Практическая 7.txt,Study
Vpsk_2020-12-14.txt,NotStudy
Лаб5.docx,Study
10coursework.pptx,Study
Тест(10).xlsx,Study
sketch(82).pptx,NotStudy
9_ЛР_МК_Мухин4.xlsx,Study
ПЗ3(5).txt,Study
video - 2025-03-24.docx,NotStudy
ПЗ1_Johnson.txt,Study
Реферат_Климович 5.docx,Study
Практика 5.xlsx,Study
Тема 1_Климович.pptx,Study
Лаб5 Сидоров .docx,Study
Лаб4_3_Климович.pdf,Study
ЛР85_v1.docx,Study
export - 2023-05-21.xlsx,NotStudy
Титульный лист(8).xlsx,Study
database_71_2022-07-17.txt,NotStudy
clip_2018-11-16.pdf,NotStudy
Работа(10).xlsx,Study
Патентные исследования55.pptx,NotStudy
10Работа.txt,Study
Trendy-potrebleniya_2019-11-02.xlsx,NotStudy
Реферат Brown 2025-09-28.docx,Study
reversOC 53.docx,NotStudy
torrent_2018-08-18.pdf,NotStudy
Тема 1 Иванов-3.xlsx,Study
ПЗ №5 ОУИС2_v4.xlsx,Study
Lab№0 Smith-7.xlsx,Study
Основные средства_2023.pptx,NotStudy
КП-МК Климович .docx,Study
Vpsk 61.docx,NotStudy
Тема 20 10.txt,Study
keygen_2025-04-19.pdf,NotStudy
Lab№0 Brown-7.pptx,Study
image_5_2019-03-10.txt,NotStudy
cache_65_2022-05-26.pdf,NotStudy
7Отчёт лабораторная.xlsx,Study
archive_2019-03-04.xlsx,NotStudy
file - 2023-02-02.xlsx,NotStudy
seminar Климович .txt,Study
02ЛР Климович №10.xlsx,Study
movie_63_2019-05-09.pdf,NotStudy
cookie 68.docx,NotStudy
Vpsk 44.pdf,NotStudy
Аналитика по предприятиям4.pptx,NotStudy
picture - 2024-08-23.txt,NotStudy
9ЛР6.pdf,Study
6Реферат_Климович.pdf,Study
Экзамен 3.xlsx,Study
video(80).pptx,NotStudy
Государственное_регулирование - 2026-09-14.xlsx,NotStudy
photo - 2018-07-28.xlsx,NotStudy
10seminar.pptx,Study
Исходные_данные_для_лабораторной_Brown.pptx,Study
assignment_Петров.pdf,Study
7Лекция.pdf,Study
config_2022-08-13.xlsx,NotStudy
crack_2025.xlsx,NotStudy
Лаб2_7_Brown.pptx,Study
Вопросы на экзамен(9).txt,Study
Авторский договор_2021.xlsx,NotStudy
9МР по выполнению.txt,Study
лаба 81_v3.docx,Study
ЛР7 Иванов-8.xlsx,Study
Лаб2(3).xlsx,Study
9_ЛР_МК_Мухин4_v1.pdf,Study
essay №9.xlsx,Study
ПЗ №5 ОУИС7.pdf,Study
Trendy-potrebleniya_2021-05-22.pdf,NotStudy
Лаб3 Сидоров-8.pptx,Study
accounting_2025.docx,NotStudy
wallpaper - 2023-12-23.docx,NotStudy
8ЛР6.txt,Study
3ЛР10.pptx,Study
Основные средства - 2022-04-18.pptx,NotStudy
rutracker 47.docx,NotStudy
Приложение_2026.docx,NotStudy
Практикум №1.pptx,Study
ЛР3(4).xlsx,Study
update_32_2020-11-23.docx,NotStudy
Экзамен №1.docx,Study
sklad_2023.pptx,NotStudy
report_sales_2026-07-07.docx,NotStudy
Контрольная(2).pdf,Study
report_sales - 2019-08-22.txt,NotStudy
Авторский договор 98.pptx,NotStudy
4Лабораторная.xlsx,Study
Задание_Иванов.pdf,Study
КП-МК 2.txt,Study
clip_1_2019-08-19.txt,NotStudy
crack_2026-02-24.docx,NotStudy
ЛР10 Сидоров 2020-04-26.pdf,Study
6Лекция.pdf,Study
Лекция Климович .xlsx,Study
project 79.docx,NotStudy
sklad19.txt,NotStudy
Практическая №1.docx,Study
scan - 2020-09-26.pptx,NotStudy
2Реферат.xlsx,Study
Государственное_регулирование_74_2019-11-05.txt,NotStudy
practice(4).pptx,Study
5Самостоятельная.xlsx,Study
9_ЛР_МК_Мухин Иванов 2026-09-06.pdf,Study
Приложение_2024.xlsx,NotStudy
draft 85.docx,NotStudy
Основные средства_2025-12-12.xlsx,NotStudy
4ЛР1.docx,Study
ЛР5_Сидоров.xlsx,Study
license_18_2025-08-20.txt,NotStudy
Патентные исследования_2020-04-01.xlsx,NotStudy
Курсчач МК Климович .pdf,Study
dump 38.pptx,NotStudy
budget_2018-06-20.xlsx,NotStudy
rutracker 47.txt,NotStudy
ЛР Brown .pdf,Study
wallpaper 94.xlsx,NotStudy
coursework(3).docx,Study
Лаб43.pptx,Study
СТБ 1180 96.xlsx,NotStudy
ЛР34.docx,Study
СТБ 1180 - 2025-05-28.xlsx,NotStudy
Лаб13.docx,Study
Тема 20 Сидоров .docx,Study
log_47_2019-01-23.pptx,NotStudy
Часть_Иванов.xlsx,Study
СТБ 1180_79_2020-12-23.xlsx,NotStudy
Часть_3_Климович.xlsx,Study
Тема 10 Brown 2021-08-24.txt,Study
settings - 2024-02-22.pdf,NotStudy
mockup_42_2019-06-13.docx,NotStudy
02ЛР Климович1.docx,Study
Семинар(8).xlsx,Study
ЛР5 №9.pdf,Study
Урок 5.pdf,Study
sales_55_2023-03-20.pptx,NotStudy
dump_2019-02-05.pdf,NotStudy
Лаб3 Smith-3.pdf,Study
keygen_2022-09-16.pdf,NotStudy
cache(12).docx,NotStudy
patch - 2024-03-01.pptx,NotStudy
Практическая 8.xlsx,Study
Курсовая1_v2.xlsx,Study
bill_2021-04-08.txt,NotStudy
КП-МК_Johnson.pdf,Study
КП-МК №7.pdf,Study
ЛР4 №10.pdf,Study
lecture_4_Климович.txt,Study
hr__2023.docx,NotStudy
Контрольная 8.docx,Study
Реферат_Климович 2.xlsx,Study
Контрольная №2.docx,Study
cache_2019-01-23.pptx,NotStudy
report_sales23.pptx,NotStudy
02ЛР Климович1_v3.docx,Study
Тема 1_10_Петров.pptx,Study
ЛР4 Петров .xlsx,Study
Лаб5_Сидоров.pdf,Study
track_69_2025-01-02.txt,NotStudy
9ЛР1.xlsx,Study
Лаб1_Сидоров.pdf,Study
ЛР1(3).pptx,Study
payment - 2022-10-03.txt,NotStudy
backup - 2023-11-05.pptx,NotStudy
config76.pptx,NotStudy
project(90).docx,NotStudy
Домашняя Сидоров .pdf,Study
db - 2021-09-28.xlsx,NotStudy
ЛР32.pdf,Study
data_2022-11-10.pptx,NotStudy
lecture 5.xlsx,Study
Lab№0 Brown .pdf,Study
torrent_2023.pptx,NotStudy
practice 1.docx,Study
Тест №2.docx,Study
Работа №8.pdf,Study
report_financial44.txt,NotStudy
лаба 8 4.pptx,Study
coursework6_v1.docx,Study
Урок №7.docx,Study
Лабораторная Сидоров 2025-02-09.docx,Study
Лаб41_v3.docx,Study
sklad_2026-04-02.docx,NotStudy
lab №5.xlsx,Study
keygen_56_2023-02-11.txt,NotStudy
Аналитика по предприятиям(24).pdf,NotStudy
ЛР9 №1.pptx,Study
config(41).xlsx,NotStudy
sketch 46.pptx,NotStudy
employees_9_2018-11-14.pptx,NotStudy
lab_2_Johnson.pdf,Study
sketch 17.pptx,NotStudy
log44.xlsx,NotStudy
Тема 20_5_Сидоров.xlsx,Study
video80.docx,NotStudy
draft_24_2023-11-06.docx,NotStudy
Практика5.pdf,Study
Реферат_Петров.txt,Study
Контрольная_9_Климович.pdf,Study
music(99).pptx,NotStudy
Контрольная №8.txt,Study
Государственное_регулирование_2021.docx,NotStudy
ПЗ1 №1.docx,Study
seminar3.docx,Study
coursework Петров-1.pptx,Study
Vpsk_2025.docx,NotStudy
Задание(2).docx,Study
Реферат_Климович5.docx,Study
file - 2021-03-04.docx,NotStudy
bill_67_2026-05-11.xlsx,NotStudy
project_57_2021-01-27.docx,NotStudy
Основные средства_35_2018-06-12.pptx,NotStudy
sklad 96.txt,NotStudy
ЛР7 2.pdf,Study
cookie_2024.pptx,NotStudy
СТБ 1180_2026.pdf,NotStudy
Тема 10_Петров.xlsx,Study
ПЗ14_v5.pdf,Study
ЛР29_v1.txt,Study
8Тема 10.xlsx,Study
music - 2024-09-11.txt,NotStudy
ПЗ1 9.txt,Study
Аналитика по предприятиям 50.pptx,NotStudy
draft 64.docx,NotStudy
misc(15).docx,NotStudy
coursework №6.txt,Study
installer_2026.pdf,NotStudy
sales - 2024-03-11.xlsx,NotStudy
Vpsk - 2026-03-03.pdf,NotStudy
Работа №3.pptx,Study
Лаб1 Johnson 2018-06-08.pdf,Study
Практика Иванов-4.xlsx,Study
СТБ 1180 14.docx,NotStudy
exam4_v4.pptx,Study
9_ЛР_МК_Мухин 9.pdf,Study
sample - 2023-04-22.pptx,NotStudy
photo 31.pdf,NotStudy
Реферат_Климович 10.docx,Study
backup 2.pdf,NotStudy
file(71).xlsx,NotStudy
track(85).pdf,NotStudy
ЛР6 Иванов-3.xlsx,Study
Урок_10_Иванов.docx,Study
ЛР7 Smith 2021-04-16.docx,Study
video(36).xlsx,NotStudy
Титульный лист_5_Иванов.docx,Study
invoice(79).docx,NotStudy
essay 2.xlsx,Study
audio_2025-06-01.pdf,NotStudy
Вопросы на экзамен4.pptx,Study
crack11.xlsx,NotStudy
file 81.txt,NotStudy
Lab№0(7).pdf,Study
Реферат_Климович3.docx,Study
song_19_2020-05-17.txt,NotStudy
Лаб2_10_Петров.docx,Study
02ЛР Климович 9.xlsx,Study
audio(11).pdf,NotStudy
invoice_56_2023-06-05.txt,NotStudy
ЛР3(3).xlsx,Study
ПЗ310.pptx,Study
Курсовая 3.xlsx,Study
Лаб2 №2.docx,Study
ПЗ №5 ОУИС 8.pdf,Study
ЛР9(7).pdf,Study
database - 2019-04-07.docx,NotStudy
config_38_2024-11-15.pdf,NotStudy
Вопросы на экзамен(3).pptx,Study
Реферат_Климович_Сидоров.txt,Study
sklad_2025.txt,NotStudy
misc_2023-11-22.docx,NotStudy
lab_Климович.pdf,Study
Экзамен3_v3.pdf,Study
exam1_v3.xlsx,Study
Исходные_данные_для_лабораторной Smith-9.xlsx,Study
Отчёт лабораторная8_v1.txt,Study
Аналитика по предприятиям_2026.pdf,NotStudy
Лабораторная_Климович.pptx,Study
dump_2026-06-02.txt,NotStudy
log(78).pptx,NotStudy
3Лаб4.txt,Study
Титульный лист Иванов .txt,Study
test Климович-3.xlsx,Study
10Практикум.txt,Study
report_sales_2022.xlsx,NotStudy
photo_2025-03-16.txt,NotStudy
Семинар Сидоров-1.xlsx,Study
assignment Brown 2022-10-04.txt,Study
movie(83).xlsx,NotStudy
Аналитика по предприятиям_60_2026-09-10.pdf,NotStudy
Исходные_данные_для_лабораторной_3_Петров.xlsx,Study
lecture_Иванов.pptx,Study
Beautiful 46.pdf,NotStudy
3Практика.pdf,Study
installer 8.docx,NotStudy
9Часть.pdf,Study
МР по выполнению Иванов .pptx,Study
essay_5_Климович.pdf,Study
9_ЛР_МК_Мухин №3.pptx,Study
Контрольная_6_Сидоров.docx,Study
Часть(4).pptx,Study
Лекция_9_Сидоров.pptx,Study
Лаб2_Johnson.pdf,Study
Тест_Климович.docx,Study
Самостоятельная Smith .pptx,Study
practice8_v3.pptx,Study
download65.pptx,NotStudy
ПЗ12_v1.docx,Study
Экзамен Петров-10.pdf,Study
Практикум Smith 2026-10-20.xlsx,Study
torrent_2020-10-23.pdf,NotStudy
torrent_2023-12-26.xlsx,NotStudy
Вопросы на экзамен_4_Brown.txt,Study
Работа_Сидоров.xlsx,Study
ЛР10(8).txt,Study
Лаб2 4.xlsx,Study
10ПРАКТИЧЕСКОЕ ЗАДАНИЕ.docx,Study
Lab№0 9.docx,Study
lab8.pdf,Study
ПЗ16_v3.docx,Study
budget 96.xlsx,NotStudy
Реферат3_v5.docx,Study
reversOC 51.pptx,NotStudy
misc(96).docx,NotStudy
Практика Иванов 2023-02-19.xlsx,Study
export_2025-05-09.txt,NotStudy
1assignment.pdf,Study
Основные средства(86).pptx,NotStudy
ПЗ1 Петров-2.docx,Study
lecture_9_Климович.pptx,Study
draft - 2026-01-21.docx,NotStudy
Приложение - 2026-06-24.pptx,NotStudy
clip 81.txt,NotStudy
Задание 7.xlsx,Study
finance 64.txt,NotStudy
archive43.pptx,NotStudy
temp21.xlsx,NotStudy
6Лекция.txt,Study
lecture8_v5.txt,Study
4ЛР8.xlsx,Study
update - 2021-03-16.pptx,NotStudy
lecture(9).docx,Study
payment_2022.pptx,NotStudy
ЛР4 7.txt,Study
ЛР1010.xlsx,Study
essay Johnson .txt,Study
Курсчач МК 10.txt,Study
Титульный лист_Петров.pptx,Study
sketch_2020.docx,NotStudy
assignment6.pptx,Study
Самостоятельная_Климович.docx,Study
Практика(2).txt,Study
Лаб Brown-6.txt,Study
Исходные_данные_для_лабораторной Иванов-8.pptx,Study
exam 7.pdf,Study
settings(38).docx,NotStudy
Vpsk_2026.docx,NotStudy
screenshot_46_2025-05-13.xlsx,NotStudy
Лаб2 Сидоров-9.pdf,Study
Титульный лист_4_Brown.pdf,Study
image(41).pptx,NotStudy
Урок_7_Brown.xlsx,Study
Тема 1(4).pptx,Study
Семинар 4.txt,Study
db - 2021-08-15.pptx,NotStudy
Аналитика по предприятиям 80.xlsx,NotStudy
Лаб2 Петров 2025-12-10.txt,Study
Аналитика по предприятиям(64).xlsx,NotStudy
Отчёт лабораторная Климович-9.xlsx,Study
Лекция Сидоров-2.docx,Study
Контрольная_6_Петров.xlsx,Study
sample_54_2026-07-05.docx,NotStudy
dump_2020-01-26.pptx,NotStudy
clip 39.pptx,NotStudy
log 67.docx,NotStudy
setup_2025-06-07.docx,NotStudy
ЛР87_v4.pptx,Study
Лаб1(2).pptx,Study
test Smith-1.xlsx,Study
statement(56).txt,NotStudy
ПЗ1 Иванов-5.docx,Study
video_2018-04-22.pptx,NotStudy
Работа8_v4.pptx,Study
Лаб4 3.pptx,Study
img - 2018-11-12.xlsx,NotStudy
employees_61_2023-07-01.txt,NotStudy
Титульный лист_Brown.docx,Study
rutracker_2026.pdf,NotStudy
backup_46_2026-03-06.txt,NotStudy
ПЗ1_Сидоров.pdf,Study
7Контрольная.docx,Study
Авторский договор(30).xlsx,NotStudy
essay_7_Smith.docx,Study
ЛР6_9_Петров.xlsx,Study
keygen53.pptx,NotStudy
settings52.xlsx,NotStudy
sample(46).pdf,NotStudy
Лекция_Smith.docx,Study
ЛР2 Smith-6.xlsx,Study
Аналитика по предприятиям_69_2025-09-27.pdf,NotStudy
Отчёт лабораторная №6.docx,Study
Лаб41_v4.txt,Study
Исходные_данные_для_лабораторной8.pdf,Study
mockup57.pptx,NotStudy
Работа6.docx,Study
ЛР4(8).txt,Study
invoice_2018-03-22.docx,NotStudy
ЛР Smith-9.pptx,Study
song - 2022-11-13.pdf,NotStudy
Контрольная(4).xlsx,Study
3КП-МК.txt,Study
Основные средства(38).xlsx,NotStudy
image - 2021-08-15.txt,NotStudy
ЛР9_Сидоров.pdf,Study
Курсчач МК_Smith.pdf,Study
db_2020-11-16.xlsx,NotStudy
budget - 2023-03-19.pptx,NotStudy
ПЗ3 Иванов-8.txt,Study
Лаб4 Сидоров-5.xlsx,Study
cookie 81.pdf,NotStudy
Beautiful 91.docx,NotStudy
ПРАКТИЧЕСКОЕ ЗАДАНИЕ_4_Johnson.pptx,Study
Приложение_2018-06-04.pdf,NotStudy
